Open,High,Low,Close
4208.3,4225.3,4173.2,4215.0
4042.9,4209.8,4031.0,4090.3
4200.0,4206.7,4100.0,4108.2
4332.8,4344.5,4240.2,4260.0
4324.2,4340.9,4284.6,4335.9
4472.3,4472.3,4319.1,4337.1
4447.4,4509.9,4447.4,4475.8
4471.2,4471.7,4427.2,4436.7
4488.0,4529.5,4474.2,4489.1
4523.5,4541.4,4449.7,4475.2
4494.0,4591.8,4487.9,4560.5
4453.6,4512.6,4363.5,4499.3
4439.7,4447.5,4439.7,4447.5
4572.8,4572.8,4500.4,4500.4
4519.5,4530.3,4519.1,4521.0
4507.2,4539.8,4503.8,4539.8
4502.6,4531.3,4465.1,4531.3
4551.7,4552.6,4506.2,4506.3
4563.0,4570.3,4538.7,4552.5
4615.2,4615.2,4524.3,4555.8
4678.1,4678.1,4650.3,4678.1
4722.7,4722.7,4679.5,4697.7
4762.2,4765.2,4677.6,4677.6
4729.5,4729.5,4718.7,4718.7
4714.4,4724.8,4713.6,4720.4
4704.8,4736.2,4699.8,4699.8
4663.6,4712.6,4663.6,4681.9
4547.6,4580.5,4547.6,4555.8
4581.2,4581.2,4512.7,4519.5
4636.7,4636.7,4581.7,4629.9
4561.9,4636.7,4561.9,4614.7
4598.6,4601.6,4515.7,4545.2
4680.9,4680.9,4591.5,4591.5
4707.6,4711.1,4675.4,4675.4
4695.0,4722.3,4657.5,4722.3
4711.5,4732.4,4705.1,4705.1
4754.2,4754.2,4732.5,4732.5
4698.4,4705.0,4676.4,4698.4
4793.9,4811.0,4770.0,4806.6
4771.6,4879.7,4767.2,4857.6
4810.9,4810.9,4785.4,4785.4
4843.6,4843.6,4798.0,4800.0
4770.1,4841.6,4770.1,4825.0
4704.0,4742.4,4704.0,4742.4
4745.9,4791.0,4744.9,4761.9
4711.0,4799.1,4711.0,4792.2
4760.0,4851.0,4738.8,4749.5
4624.9,4676.3,4608.0,4657.1
4656.1,4689.6,4605.0,4656.8
4764.9,4784.4,4558.9,4651.5
4668.4,4789.1,4668.0,4783.2
4510.0,4684.1,4508.6,4647.6
4482.8,4579.1,4413.4,4526.0
4492.0,4492.0,4492.0,4492.0
4441.5,4443.1,4375.5,4375.5
4549.0,4551.9,4541.8,4549.8
4338.7,4399.3,4325.2,4399.3
4353.0,4480.4,4100.8,4404.1
4686.9,4686.9,4570.4,4570.4
4830.3,4830.3,4554.0,4600.7
4949.6,4949.6,4821.7,4889.9
5017.6,5017.6,4994.2,5001.0
5001.6,5010.6,4994.0,4994.0
5089.6,5117.0,5009.5,5052.5
5137.2,5137.2,5115.8,5115.8
5190.8,5191.3,5167.4,5167.4
5138.2,5229.7,5137.6,5229.7
5155.0,5160.6,5077.7,5091.5
5121.0,5146.1,5076.1,5146.1
5169.5,5169.5,5054.7,5065.3
5130.7,5180.2,5117.2,5120.2
5298.7,5303.8,5023.0,5107.4
5346.6,5405.0,5266.3,5294.4
5186.7,5280.0,5176.7,5230.5
5177.2,5199.2,5143.9,5176.5
5166.0,5206.4,5166.0,5206.4
5158.8,5159.0,5112.7,5155.8
5120.3,5211.6,5120.3,5204.7
5039.5,5072.7,5039.5,5059.3
5014.7,5014.7,4975.9,4975.9
4872.2,4987.0,4869.5,4986.5
5020.0,5020.0,4847.8,4882.9
4953.0,5043.9,4946.2,5022.0
5060.4,5078.1,4892.0,4923.7
5049.9,5111.3,5041.3,5071.6
5013.5,5029.0,5002.7,5003.8
5017.4,5065.7,4979.1,5050.9
4762.0,4958.5,4655.0,4951.2
5008.7,5012.3,4786.0,4861.4
4923.3,5082.2,4897.9,4920.4
4680.0,4984.6,4674.3,4903.7
4807.7,4855.8,4400.0,4622.5
5376.4,5440.5,4700.0,4713.9
5415.7,5586.2,5097.5,5318.4
5301.6,5301.6,5301.6,5301.6
5079.9,5079.9,5079.9,5079.9
5081.5,5095.6,5052.2,5079.7
4949.6,4976.2,4936.0,4976.2
4791.9,4908.8,4791.9,4908.8
4863.5,4872.3,4771.5,4831.8
4662.2,4764.0,4661.8,4759.6
4608.0,4608.0,4588.4,4588.4
4612.9,4616.3,4612.9,4616.3
4610.3,4635.0,4608.2,4626.3
4578.6,4617.1,4578.6,4589.2
4579.1,4620.0,4577.8,4604.3
4473.0,4490.3,4473.0,4490.3
4460.2,4461.3,4418.0,4449.7
4450.0,4450.0,4449.3,4449.3
4449.7,4482.2,4449.0,4482.2
4386.7,4443.5,4384.8,4436.9
4350.6,4350.6,4314.4,4314.4
4333.5,4363.8,4285.0,4325.6
4346.4,4403.6,4338.0,4370.1
4371.5,4379.0,4325.1,4325.1
4512.0,4556.3,4502.0,4529.1
4500.7,4503.4,4468.4,4480.6
4503.3,4503.8,4450.4,4482.8
4371.1,4447.6,4371.1,4444.6
4350.1,4361.4,4350.1,4361.4
4331.0,4348.1,4328.2,4339.5
4308.5,4351.4,4308.5,4347.5
4270.5,4321.4,4270.5,4304.5
4308.3,4349.2,4292.9,4306.7
4276.4,4355.0,4260.0,4300.1
4224.0,4286.9,4214.3,4285.5
4209.0,4234.5,4183.6,4196.4
4190.7,4219.7,4177.7,4206.7
4205.5,4215.8,4175.5,4187.2
4204.1,4255.7,4194.5,4212.9
4211.0,4211.8,4175.0,4211.8
4215.7,4234.1,4195.7,4199.3
4230.5,4230.5,4167.0,4186.6
4218.5,4262.1,4214.9,4239.3
4163.4,4223.9,4140.0,4218.3
4128.6,4171.0,4127.5,4165.2
4139.2,4139.2,4139.2,4139.2
4060.5,4091.9,4060.5,4091.9
4031.8,4085.2,4031.8,4076.7
4045.0,4090.4,4040.2,4056.5
4086.1,4122.7,4072.0,4077.7
4037.4,4063.4,4035.6,4061.3
4070.0,4099.5,4019.4,4068.3
4197.7,4197.9,4047.0,4087.6
4228.7,4228.7,4163.7,4186.9
4115.6,4204.4,4102.9,4204.4
4140.1,4140.1,4106.8,4106.8
4060.0,4111.8,4060.0,4111.8
3980.8,3999.4,3980.8,3999.4
4004.0,4007.5,3979.9,3979.9
3929.9,3983.5,3929.9,3980.3
3994.2,3995.4,3927.4,3947.7
3976.2,4020.0,3959.0,4000.3
4034.5,4034.5,3976.6,3982.2
3960.0,4027.2,3913.7,4001.3
3983.7,3983.7,3983.7,3983.7
3929.7,3966.2,3923.6,3966.2
4060.0,4078.6,3971.3,4001.9
4117.5,4120.6,4074.9,4118.4
4078.4,4136.8,4070.7,4125.5
4109.7,4148.5,4006.0,4044.4
4332.7,4332.7,4087.7,4087.7
4244.1,4356.6,4214.6,4336.4
4354.7,4358.0,4182.2,4189.9
4198.8,4307.0,4196.6,4280.2
4145.0,4210.6,4145.0,4176.9
4131.7,4160.1,4085.8,4138.7
4016.0,4111.0,4016.0,4108.6
3957.0,4012.0,3945.5,3975.9
4011.2,4046.2,3940.0,3946.3
3987.2,4049.2,3987.2,4043.3
3959.4,3981.5,3940.0,3976.6
3931.3,3960.0,3926.8,3948.5
3855.2,3886.8,3853.7,3880.8
3856.2,3888.6,3823.7,3839.7
3863.5,3891.9,3853.3,3867.5
3827.5,3865.5,3793.4,3840.8
3754.8,3827.6,3754.8,3820.9
3775.3,3775.3,3775.3,3775.3
3742.8,3756.0,3724.7,3736.9
3769.8,3772.5,3732.1,3732.1
3747.0,3786.0,3740.0,3780.6
3688.2,3748.2,3688.0,3740.7
3659.0,3685.9,3658.2,3671.5
3654.6,3667.4,3637.0,3643.7
3669.0,3685.2,3661.6,3681.8
3681.4,3698.6,3681.4,3688.9
3640.0,3686.4,3635.1,3682.2
3655.5,3656.8,3643.0,3649.4
3632.9,3636.9,3618.4,3636.9
3625.0,3655.4,3620.8,3643.6
3647.1,3670.4,3627.8,3643.3
3594.5,3641.0,3590.0,3638.1
3567.8,3613.2,3567.8,3613.2
3549.9,3573.6,3549.9,3565.8
3554.8,3593.7,3553.2,3593.2
3485.7,3559.2,3485.7,3549.4
3432.5,3475.6,3426.6,3473.7
3409.0,3434.6,3400.0,3431.8
3397.0,3404.6,3382.0,3404.6
3378.9,3396.5,3371.1,3388.6
3366.0,3378.0,3366.0,3373.8
3349.4,3377.7,3349.4,3374.4
3349.4,3349.4,3326.5,3336.9
3310.6,3343.5,3310.1,3343.4
3330.2,3343.5,3313.4,3313.4
3333.5,3347.8,3331.7,3331.7
3346.8,3346.8,3335.9,3336.0
3346.8,3356.0,3328.9,3335.2
3358.8,3363.4,3358.7,3358.7
3356.2,3356.2,3330.1,3348.9
3383.9,3383.9,3349.2,3353.1
3438.8,3477.0,3402.5,3439.1
3384.9,3422.9,3384.9,3400.3
3380.7,3383.3,3361.3,3380.0
3378.5,3387.2,3351.2,3381.9
3367.6,3386.5,3347.4,3374.4
3286.2,3360.6,3281.0,3347.7
3272.9,3312.0,3272.9,3293.2
3325.8,3331.8,3263.9,3295.8
3323.4,3323.4,3323.4,3323.4
3326.6,3326.8,3309.1,3309.1
3344.0,3345.0,3326.5,3334.0
3367.0,3371.0,3367.0,3371.0
3430.3,3433.9,3388.1,3394.1
3411.0,3441.0,3395.6,3439.2
3350.3,3411.7,3350.3,3401.9
3338.2,3353.0,3338.2,3353.0
3313.8,3340.8,3313.8,3340.1
3341.2,3352.9,3329.5,3352.5
3341.0,3341.0,3329.8,3329.8
3367.0,3375.5,3350.0,3351.5
3330.5,3370.0,3330.5,3356.0
3323.6,3330.5,3311.6,3317.4
3289.4,3314.0,3282.0,3311.6
3330.4,3334.5,3287.6,3307.0
3305.5,3333.3,3299.2,3332.2
3342.0,3342.0,3332.5,3332.5
3362.0,3362.0,3322.3,3331.6
3329.0,3357.5,3329.0,3348.0
3310.1,3354.1,3310.1,3336.7
3265.9,3306.9,3262.0,3294.4
3318.7,3318.7,3253.8,3273.7
3332.4,3333.5,3332.4,3333.5
3321.6,3331.2,3310.6,3327.1
3358.0,3358.0,3301.0,3317.4
3365.9,3387.9,3350.0,3377.7
3350.0,3372.9,3341.0,3368.1
3385.3,3391.9,3365.1,3389.8
3398.3,3398.3,3376.1,3386.6
3442.0,3442.0,3385.4,3396.4
3407.3,3444.0,3407.3,3431.2
3363.0,3395.9,3353.4,3380.9
3328.0,3356.0,3321.3,3321.3
3302.0,3344.3,3302.0,3320.9
3315.6,3334.6,3290.0,3332.1
3364.3,3364.3,3306.0,3322.7
3371.5,3400.0,3343.7,3350.7
3355.0,3380.0,3344.0,3373.5
3385.1,3390.0,3331.3,3350.2
3296.9,3380.8,3296.9,3370.6
3315.1,3318.0,3270.9,3288.9
3283.7,3328.8,3242.4,3317.1
3293.6,3293.6,3293.6,3293.6
3332.5,3341.0,3296.3,3299.1
3328.0,3363.6,3323.5,3363.6
3327.3,3328.0,3282.7,3292.3
3293.4,3317.5,3290.2,3309.3
3219.0,3293.2,3207.5,3280.3
3234.4,3241.0,3228.3,3228.9
3227.7,3228.1,3173.9,3182.0
3151.0,3228.1,3125.0,3220.7
3233.0,3233.0,3171.7,3181.4
3232.0,3251.4,3223.5,3240.3
3300.7,3300.7,3205.0,3220.0
3299.0,3335.5,3299.0,3335.4
3390.0,3390.0,3288.7,3296.6
3418.7,3418.7,3364.7,3381.4
3365.5,3430.9,3356.8,3411.4
3242.7,3315.7,3239.7,3311.3
3239.9,3257.0,3225.0,3231.9
3272.9,3275.0,3198.6,3210.0
3318.7,3318.7,3268.0,3305.0
3340.0,3340.0,3299.9,3318.8
3284.5,3332.5,3284.5,3332.5
3355.5,3355.5,3266.1,3282.4
3305.4,3353.9,3304.9,3332.0
3321.2,3370.3,3256.2,3276.3
3422.2,3485.6,3361.7,3400.8
3342.2,3418.5,3342.2,3406.2
3345.0,3345.0,3287.8,3308.7
3238.3,3334.9,3238.3,3326.6
3216.0,3218.7,3214.0,3218.7
3215.5,3228.8,3194.5,3204.8
3182.1,3235.0,3182.1,3222.2
3073.9,3167.0,3072.1,3155.2
2965.8,3090.4,2965.8,3056.5
2994.0,3014.5,2968.4,2968.4
3016.4,3050.8,2949.7,2951.3
3110.5,3127.7,3011.0,3012.0
3150.0,3166.9,3052.0,3097.0
3120.7,3168.6,3117.4,3139.9
3129.7,3149.5,3104.0,3118.9
3091.0,3132.5,3086.0,3122.8
3069.7,3094.9,3066.8,3086.5
3025.5,3065.0,3025.5,3060.2
3033.2,3033.2,3019.5,3020.9
3026.4,3028.8,3023.7,3023.7
3024.3,3024.3,3006.0,3013.1
3034.5,3037.5,3000.9,3018.2
3047.3,3047.3,3034.4,3040.0
3035.2,3050.9,3030.9,3035.9
3006.4,3039.2,3004.4,3035.1
2991.0,3001.5,2989.0,3000.0
2994.4,3004.8,2986.0,2994.5
2937.1,2988.0,2935.2,2984.3
2912.0,2939.1,2910.0,2939.1
2884.4,2916.7,2880.4,2912.9
2910.1,2915.1,2880.2,2891.0
2900.9,2927.3,2900.5,2904.7
2904.0,2918.6,2903.8,2916.6
2916.7,2922.0,2893.0,2915.3
2886.1,2927.9,2886.1,2909.6
2872.7,2891.8,2863.4,2890.2
2877.1,2877.1,2834.1,2836.8
2918.5,2922.8,2870.4,2883.2
2913.5,2917.0,2913.0,2916.8
2938.7,2943.2,2890.0,2904.5
2933.1,2957.9,2933.1,2947.9
2938.8,2940.0,2917.3,2937.6
2949.1,2955.8,2924.2,2940.0
2938.7,2946.0,2917.1,2919.4
2879.2,2936.4,2873.8,2931.6
2937.3,2944.4,2874.8,2883.6
2911.3,2937.7,2910.6,2925.9
2902.0,2912.3,2868.6,2909.0
2925.5,2945.4,2890.0,2912.5
2864.2,2916.1,2863.8,2914.3
2859.9,2889.5,2857.8,2867.3
2865.2,2871.7,2836.3,2856.0
2850.0,2880.5,2848.0,2871.6
2827.6,2853.3,2816.1,2853.3
2818.2,2848.4,2780.9,2833.9
2829.0,2838.0,2804.0,2812.5
2772.5,2829.5,2770.0,2823.0
2769.1,2769.1,2769.1,2769.1
2738.0,2766.8,2738.0,2766.8
2761.1,2762.2,2737.5,2737.5
2759.8,2792.0,2759.8,2777.3
2760.0,2765.0,2745.4,2763.1
2754.5,2768.8,2753.5,2767.6
2746.0,2755.0,2724.8,2755.0
2736.0,2751.6,2725.5,2744.3
2731.7,2749.8,2731.7,2746.4
2690.8,2712.5,2690.8,2712.5
2673.6,2688.3,2670.8,2677.5
2711.1,2711.2,2673.5,2673.5
2686.1,2720.1,2683.7,2708.5
2669.7,2686.3,2667.9,2683.8
2655.5,2676.9,2653.5,2664.5
2653.4,2657.5,2653.0,2656.7
2645.5,2647.0,2617.3,2638.4
2658.7,2658.7,2641.8,2645.0
2633.0,2663.1,2633.0,2658.9
2608.4,2629.2,2604.9,2629.2
2620.7,2626.9,2597.0,2606.1
2617.7,2617.7,2616.4,2617.2
2628.5,2638.8,2627.9,2638.8
2613.0,2620.0,2609.5,2620.0
2620.0,2627.7,2611.1,2612.3
2605.3,2631.6,2604.9,2628.7
2582.1,2610.3,2582.1,2592.2
2644.3,2647.1,2590.2,2636.5
2651.8,2652.3,2632.5,2644.4
2658.3,2663.3,2651.0,2651.4
2688.2,2689.3,2647.9,2656.0
2725.1,2725.1,2677.4,2687.5
2701.8,2733.8,2693.1,2733.8
2662.3,2698.2,2661.0,2697.6
2632.1,2677.1,2630.8,2664.9
2620.2,2643.1,2617.5,2638.6
2652.4,2655.0,2625.7,2626.6
2639.2,2658.3,2637.0,2653.8
2639.0,2654.7,2636.0,2644.7
2649.0,2649.8,2621.7,2634.9
2636.4,2664.3,2620.7,2657.0
2633.5,2657.9,2627.2,2639.9
2625.6,2625.6,2620.3,2620.3
2689.4,2689.4,2616.8,2616.8
2687.5,2710.5,2685.6,2709.9
2659.3,2672.1,2655.7,2672.1
2638.5,2648.2,2638.5,2648.2
2621.9,2627.7,2619.3,2627.1
2591.7,2610.7,2589.4,2610.6
2565.7,2565.7,2565.7,2565.7
2555.1,2576.2,2554.2,2568.2
2611.1,2611.8,2580.8,2580.8
2605.5,2605.5,2592.8,2600.0
2671.7,2671.7,2611.2,2611.2
2688.5,2694.6,2682.9,2687.5
2662.5,2699.1,2662.5,2698.4
2734.5,2734.5,2659.4,2667.6
2743.0,2743.9,2740.3,2740.3
2736.5,2737.1,2736.1,2736.1
2745.5,2756.0,2734.2,2738.6
2787.4,2787.5,2733.5,2738.3
2774.6,2789.0,2774.6,2788.5
2768.4,2768.4,2768.4,2768.4
2736.1,2742.9,2729.5,2742.9
2725.5,2742.4,2725.5,2740.9
2729.0,2736.1,2729.0,2734.9
2742.5,2742.5,2714.2,2714.4
2731.7,2746.0,2728.6,2744.2
2721.9,2738.4,2719.5,2723.1
2713.7,2719.6,2713.7,2713.7
2677.4,2691.7,2677.2,2691.0
2674.0,2674.0,2674.0,2674.0
2661.4,2661.4,2661.4,2661.4
2655.0,2655.3,2647.8,2647.8
2638.3,2658.1,2638.2,2657.6
2602.5,2628.3,2602.5,2620.6
2603.0,2607.7,2603.0,2606.0
2639.0,2639.0,2609.3,2615.0
2648.7,2657.4,2639.0,2644.8
2656.0,2667.0,2639.0,2645.8
2642.8,2657.1,2640.0,2657.1
2650.6,2657.2,2640.0,2647.1
2631.4,2670.9,2631.4,2667.3
2660.9,2662.1,2623.2,2636.1
2670.0,2672.1,2641.7,2644.3
2662.3,2669.9,2660.8,2669.9
2656.3,2664.2,2649.3,2659.2
2636.8,2662.3,2625.5,2651.2
2626.5,2626.5,2626.5,2626.5
2590.4,2621.8,2590.4,2619.9
2566.0,2588.0,2566.0,2588.0
2570.7,2570.7,2549.2,2570.7
2581.2,2581.8,2564.3,2564.3
2580.4,2580.4,2580.4,2580.4
2568.8,2581.8,2565.0,2581.3
2529.1,2557.0,2523.4,2551.2
2525.8,2525.8,2502.3,2512.1
2512.3,2512.3,2512.3,2512.3
2491.3,2504.7,2491.3,2501.8
2510.3,2517.9,2483.7,2493.5
2493.7,2513.3,2493.4,2511.4
2490.9,2493.4,2483.5,2493.4
2501.6,2501.8,2476.3,2489.9
2519.5,2525.4,2493.8,2493.8
2504.1,2525.7,2503.9,2525.7
2501.0,2501.0,2501.0,2501.0
2515.2,2523.1,2506.9,2516.0
2509.9,2523.1,2509.1,2517.7
2486.5,2508.4,2486.5,2508.4
2504.1,2504.1,2471.1,2478.9
2511.0,2515.4,2503.9,2508.4
2503.5,2527.3,2500.7,2511.3
2508.5,2508.5,2487.2,2501.8
2453.5,2508.0,2451.4,2498.6
2451.8,2467.7,2431.2,2453.1
2468.0,2472.1,2439.4,2439.4
2461.0,2470.0,2456.5,2466.7
2432.7,2469.8,2432.0,2462.4
2422.3,2432.1,2418.5,2432.1
2384.3,2422.8,2384.3,2422.2
2392.2,2401.0,2384.5,2390.5
2414.5,2421.8,2380.0,2389.1
2442.0,2449.8,2367.4,2401.7
2444.0,2477.0,2416.0,2425.7
2446.7,2455.1,2430.4,2435.0
2407.1,2447.6,2402.8,2426.5
2380.9,2409.3,2373.8,2405.0
2377.3,2377.3,2377.3,2377.3
2368.7,2386.9,2368.7,2380.0
2365.5,2365.5,2351.9,2351.9
2421.0,2421.0,2411.6,2413.3
2395.8,2404.6,2388.7,2404.6
2402.1,2402.1,2392.0,2392.0
2418.8,2419.2,2395.5,2395.5
2466.0,2466.0,2451.8,2451.8
2472.9,2473.1,2454.8,2454.8
2427.4,2462.4,2427.4,2462.4
2430.0,2436.0,2422.9,2422.9
2399.8,2414.0,2391.3,2414.0
2378.7,2416.7,2378.7,2415.0
2366.3,2377.0,2365.8,2372.2
2363.1,2363.7,2360.1,2360.1
2381.7,2383.8,2352.8,2355.2
2354.9,2388.5,2354.9,2388.5
2330.9,2361.6,2330.9,2359.8
2330.7,2334.6,2323.0,2323.0
2323.8,2329.7,2321.7,2327.6
2325.4,2338.3,2319.0,2327.7
2296.8,2329.0,2295.0,2324.5
2307.9,2314.4,2298.0,2299.2
2324.4,2333.0,2316.6,2316.6
2323.3,2332.9,2322.7,2330.0
2331.2,2331.2,2316.4,2316.4
2328.9,2354.0,2328.3,2353.8
2311.8,2330.4,2311.8,2330.4
2320.2,2320.2,2309.6,2312.4
2307.0,2331.4,2305.8,2331.4
2309.4,2317.7,2296.2,2300.2
2314.9,2338.7,2310.3,2336.0
2300.0,2314.1,2300.0,2307.5
2290.6,2309.3,2290.5,2307.7
2379.9,2385.1,2285.4,2305.2
2355.0,2375.8,2355.0,2370.3
2326.4,2354.3,2326.2,2354.1
2347.5,2347.7,2313.9,2325.5
2322.6,2347.5,2312.0,2346.6
2344.1,2354.0,2319.0,2322.9
2336.9,2349.5,2320.8,2342.9
2340.3,2340.3,2340.3,2340.3
2336.9,2359.7,2336.9,2355.2
2342.6,2345.4,2332.5,2332.5
2371.2,2371.2,2335.0,2335.0
2417.5,2417.6,2375.8,2389.2
2429.5,2429.5,2421.0,2421.7
2415.8,2435.8,2409.7,2433.9
2380.7,2415.8,2380.7,2412.2
2389.5,2392.2,2380.0,2380.0
2361.6,2388.7,2356.0,2388.7
2336.0,2358.0,2336.0,2353.4
2358.3,2358.3,2336.1,2336.1
2367.3,2367.3,2367.3,2367.3
2310.7,2339.5,2310.7,2332.1
2313.6,2313.6,2313.6,2313.6
2324.3,2324.3,2315.2,2315.2
2322.8,2325.5,2314.2,2321.6
2300.0,2301.0,2277.6,2299.0
2321.7,2324.7,2292.3,2299.2
2287.7,2327.3,2283.8,2299.9
2322.5,2322.5,2291.4,2291.4
2334.8,2345.5,2327.9,2345.4
2347.9,2347.9,2332.8,2334.8
2315.0,2329.8,2305.0,2329.8
2321.3,2328.7,2314.6,2324.5
2327.7,2330.8,2294.2,2327.7
2383.3,2383.3,2326.9,2332.2
2379.3,2399.8,2377.3,2398.4
2368.4,2384.4,2368.4,2382.3
2384.2,2391.4,2369.3,2371.7
2384.0,2390.8,2371.4,2390.8
2362.1,2384.7,2326.0,2365.8
2377.3,2429.0,2334.3,2356.2
2341.5,2376.3,2330.6,2354.8
2346.6,2358.1,2327.7,2329.6
2337.8,2364.7,2337.8,2343.5
2325.6,2341.8,2319.0,2331.7
2289.2,2328.4,2267.4,2325.7
2301.7,2302.9,2280.0,2288.8
2281.7,2298.8,2267.9,2294.4
2252.0,2279.2,2247.6,2261.0
2235.7,2264.2,2230.0,2236.5
2193.6,2234.1,2187.1,2217.4
2179.4,2196.2,2172.1,2190.6
2182.7,2182.7,2175.6,2175.6
2166.2,2179.4,2166.2,2174.8
2179.2,2179.6,2157.5,2158.1
2207.0,2211.6,2182.4,2182.4
2157.3,2185.9,2150.9,2157.9
2156.1,2156.3,2156.1,2156.3
2146.2,2160.7,2146.2,2160.7
2161.7,2161.7,2157.3,2157.3
2163.0,2163.0,2162.3,2163.0
2162.5,2175.4,2162.5,2175.4
2182.5,2182.7,2160.4,2160.4
2181.0,2184.0,2177.2,2182.5
2167.3,2194.9,2166.3,2178.6
2147.0,2163.0,2147.0,2158.0
2125.5,2150.3,2125.5,2150.3
2114.9,2133.5,2111.4,2133.5
2083.6,2119.8,2080.7,2117.7
2043.1,2086.9,2041.8,2086.9
2034.3,2049.8,2034.3,2045.7
2029.5,2037.0,2024.8,2033.0
2035.9,2035.9,2034.0,2034.0
2034.1,2035.4,2024.8,2028.5
2026.0,2038.6,2014.9,2038.6
2033.2,2033.2,2019.7,2019.7
2028.2,2028.2,2022.3,2022.3
2015.6,2029.0,2015.6,2027.5
2005.0,2011.5,1996.5,2011.5
1993.6,2007.2,1993.6,2002.1
1990.3,1993.5,1984.8,1990.3
2025.1,2025.8,1990.0,1992.9
2025.5,2025.5,2011.6,2018.2
2032.0,2032.0,2020.0,2023.3
2028.0,2036.7,2020.3,2032.2
2032.8,2039.5,2032.7,2035.2
2025.9,2037.3,2025.9,2034.5
2038.9,2040.8,2013.8,2025.7
2054.8,2055.9,2027.7,2036.1
2040.2,2064.5,2029.0,2053.0
2035.4,2055.0,2030.0,2048.4
2032.5,2048.5,2028.1,2031.5
2025.2,2025.2,2025.2,2025.2
2021.7,2022.4,2016.8,2016.8
2012.1,2022.4,2012.1,2016.9
2023.2,2033.2,2013.9,2013.9
2030.3,2030.3,2022.5,2023.7
2021.3,2021.3,2019.8,2019.8
2023.2,2036.0,2019.5,2026.5
2012.8,2018.6,2009.5,2018.6
2026.5,2026.5,2002.6,2002.6
2051.7,2054.8,2026.0,2026.0
2031.1,2057.0,2031.1,2046.7
2025.1,2025.1,2014.3,2014.3
2029.0,2035.6,2021.7,2021.7
2035.8,2035.8,2026.4,2026.4
2019.1,2033.7,2019.1,2026.6
2044.5,2048.1,2042.4,2042.4
2041.6,2044.5,2038.0,2042.3
2034.2,2044.0,2034.2,2034.2
2063.5,2073.7,2057.1,2064.4
2068.0,2068.9,2062.1,2062.4
2081.6,2087.3,2066.5,2073.9
2067.3,2081.9,2064.8,2081.9
2060.0,2060.8,2054.2,2058.2
2055.7,2068.7,2052.2,2057.1
2035.8,2044.5,2033.0,2039.1
2037.1,2037.1,2030.3,2034.5
2025.2,2042.7,2025.2,2038.4
2024.3,2032.8,2024.0,2026.3
2032.6,2043.4,2018.3,2021.1
2024.7,2040.1,2024.3,2030.2
1978.5,2024.8,1975.0,1982.3
1984.2,1994.2,1977.8,1977.8
2004.1,2004.2,1977.2,1978.0
2031.7,2033.1,1995.0,1998.3
2029.2,2034.9,2024.0,2029.9
2019.9,2035.8,2019.0,2030.5
2035.1,2037.0,2010.2,2018.5
2075.3,2130.2,2021.0,2024.1
2038.3,2073.2,2036.0,2071.0
2046.1,2047.1,2033.1,2038.1
2041.7,2052.1,2036.0,2047.1
2040.6,2042.7,2039.7,2039.7
2011.7,2011.8,2011.7,2011.8
1991.9,2002.2,1991.5,2002.2
1999.1,1999.4,1991.0,1991.4
1990.7,2005.5,1988.5,1999.3
1978.7,1979.4,1969.7,1977.7
1982.5,1984.0,1979.8,1981.6
1965.3,1983.9,1964.6,1983.9
1962.8,1962.8,1960.0,1960.1
1965.8,1965.8,1961.8,1961.8
1939.9,1947.2,1934.0,1945.5
1959.6,1959.6,1932.6,1932.6
1951.7,1964.2,1945.3,1964.2
1967.8,1967.8,1947.7,1951.5
1966.5,1966.8,1960.7,1966.8
1981.6,1981.6,1977.4,1981.6
1989.0,1991.5,1989.0,1991.5
1989.1,1990.3,1979.5,1985.6
1990.5,1990.5,1977.8,1978.8
1996.5,2001.0,1983.7,1985.2
2004.1,2004.1,1992.5,1996.2
1988.6,1988.6,1988.6,1988.6
1988.2,1988.2,1980.4,1987.2
1971.2,1985.3,1971.2,1984.1
1970.3,1975.0,1970.3,1975.0
1976.2,1978.9,1972.9,1976.3
1981.1,1988.6,1980.4,1982.5
1950.1,1977.7,1945.7,1968.4
1935.0,1957.9,1935.0,1955.3
1914.3,1925.8,1914.3,1922.7
1910.4,1921.1,1910.3,1921.1
1877.5,1930.1,1877.5,1927.4
1874.7,1881.2,1867.0,1869.3
1869.5,1874.6,1869.1,1872.8
1857.0,1861.4,1852.8,1861.0
1842.5,1861.5,1842.5,1849.5
1819.0,1831.8,1809.4,1830.2
1826.3,1826.3,1815.6,1816.6
1821.8,1828.2,1816.4,1818.5
1825.0,1830.9,1816.8,1824.6
1844.1,1845.9,1826.7,1830.0
1864.3,1872.3,1846.0,1848.1
1875.5,1878.2,1856.7,1860.4
1871.6,1871.6,1871.6,1871.6
1905.0,1905.1,1900.4,1900.4
1916.6,1916.6,1916.6,1916.6
1925.4,1925.4,1925.4,1925.4
1924.0,1924.0,1919.2,1919.2
1945.6,1945.6,1929.2,1945.6
1934.0,1934.0,1932.0,1932.0
1928.2,1931.5,1926.4,1931.5
1923.5,1927.3,1923.5,1923.7
1903.0,1910.0,1903.0,1910.0
1910.3,1914.6,1908.9,1909.1
1920.8,1920.8,1911.3,1911.3
1923.0,1928.3,1921.8,1923.3
1924.0,1924.7,1918.4,1918.4
1917.6,1921.5,1917.5,1917.5
1924.1,1925.3,1916.3,1918.1
1934.4,1934.4,1924.7,1926.2
1950.0,1950.0,1936.6,1939.8
1944.4,1944.4,1938.2,1938.2
1936.0,1946.4,1934.6,1944.3
1917.9,1936.5,1916.9,1936.5
1915.5,1921.5,1915.5,1917.9
1919.8,1919.8,1911.1,1911.1
1920.0,1920.8,1918.2,1918.2
1909.6,1918.5,1909.6,1918.5
1894.6,1896.8,1892.8,1896.4
1893.6,1893.6,1893.3,1893.3
1891.8,1891.8,1886.1,1886.1
1893.7,1902.4,1884.0,1884.1
1904.5,1904.5,1890.3,1896.1
1906.0,1907.7,1895.0,1902.5
1909.3,1912.6,1903.3,1910.6
1913.0,1916.6,1911.8,1912.9
1921.1,1927.8,1911.4,1914.4
1925.4,1928.8,1913.7,1915.4
1931.7,1933.2,1923.0,1924.1
1941.0,1941.0,1929.8,1933.5
1934.9,1945.0,1920.0,1939.6
1934.2,1936.5,1928.0,1932.0
1948.4,1953.6,1933.2,1937.4
1964.9,1965.4,1940.7,1940.7
1959.2,1971.6,1950.0,1970.5
1945.5,1962.2,1944.2,1960.4
1945.4,1945.4,1945.4,1945.4
1966.2,1972.0,1966.2,1968.9
1953.0,1962.5,1953.0,1962.1
1965.3,1965.5,1960.3,1960.3
1961.8,1964.3,1961.8,1964.3
1973.7,1973.7,1965.6,1968.3
1977.0,1977.5,1973.0,1977.5
1968.8,1978.4,1963.4,1977.2
1954.0,1956.5,1946.6,1952.4
1958.4,1960.6,1952.7,1960.1
1961.1,1961.1,1953.0,1959.2
1932.3,1958.0,1932.2,1956.2
1925.0,1937.0,1924.2,1931.3
1923.6,1926.1,1912.3,1925.0
1913.4,1934.1,1913.4,1926.2
1909.3,1910.2,1903.2,1908.7
1923.5,1933.9,1914.7,1919.6
1917.9,1929.5,1917.9,1921.7
1908.6,1921.1,1900.6,1921.1
1909.9,1909.9,1892.5,1909.2
1912.3,1912.3,1912.3,1912.3
1927.0,1929.4,1914.0,1914.0
1922.9,1928.5,1922.5,1923.7
1918.7,1932.5,1918.7,1919.1
1920.0,1921.0,1912.1,1912.7
1935.6,1936.8,1920.0,1933.3
1958.6,1958.6,1931.3,1935.5
1961.4,1962.9,1953.5,1958.4
1941.7,1958.8,1926.0,1957.8
1946.2,1958.2,1940.3,1955.3
1960.6,1967.5,1940.3,1944.6
1959.7,1963.5,1951.4,1955.3
1965.1,1969.8,1960.3,1962.2
1943.2,1969.0,1943.1,1963.6
1959.0,1968.4,1940.7,1942.7
1960.8,1965.5,1958.8,1965.5
1947.5,1961.9,1937.8,1958.0
1977.1,1982.5,1947.4,1952.4
1963.2,1983.0,1954.3,1978.0
1958.2,1973.0,1953.0,1963.9
1942.7,1962.6,1931.0,1958.0
1948.2,1948.4,1944.1,1944.1
1943.1,1943.1,1943.1,1943.1
1975.4,1975.4,1962.8,1962.8
1972.4,1972.4,1972.4,1972.4
1980.5,1980.5,1974.8,1974.8
1960.0,1978.7,1960.0,1978.7
1956.5,1956.8,1956.5,1956.5
1983.6,1983.6,1980.7,1980.7
1988.4,1988.4,1988.4,1988.4
2013.8,2018.0,2013.8,2018.0
2014.5,2014.5,2014.5,2014.5
2034.1,2038.3,2014.0,2014.7
2032.3,2044.3,2029.5,2030.5
2026.6,2037.3,2025.9,2036.2
2022.5,2026.3,2022.5,2026.3
2046.4,2046.4,2004.3,2017.4
2045.0,2072.0,2040.0,2048.0
2017.1,2035.1,2015.2,2028.6
1994.7,2018.0,1994.7,2014.3
1980.1,2005.0,1976.9,1983.4
1986.9,1990.1,1977.7,1990.1
1990.6,2002.3,1979.9,1989.9
1997.8,1998.8,1985.6,1985.7
1995.7,1999.1,1982.3,1994.0
1981.3,1989.8,1977.4,1989.1
1996.2,1996.2,1974.1,1979.5
1998.0,2007.6,1998.0,2007.6
2005.7,2006.4,1969.8,1995.2
1996.9,2007.4,1996.9,2007.4
2002.7,2007.6,1983.2,1994.2
2041.0,2047.8,1995.0,2002.2
2015.6,2048.6,2015.6,2041.3
2005.2,2025.7,2005.2,2010.9
1991.4,2006.5,1991.4,2004.8
2000.0,2006.6,1984.0,1989.1
2022.2,2023.3,2005.0,2011.9
2022.1,2033.8,2013.6,2020.9
1984.6,2027.1,1979.0,2022.2
1968.1,1991.7,1950.0,1983.9
1981.3,1986.8,1968.0,1969.0
1965.9,1984.4,1954.9,1980.3
1966.1,1966.1,1966.1,1966.1
1972.4,1972.4,1972.4,1972.4
1957.2,1957.2,1952.4,1952.4
1991.7,1995.4,1982.1,1982.1
1990.5,1994.6,1990.5,1993.8
1946.8,1974.0,1946.8,1946.8
1973.8,1973.8,1938.0,1938.0
1988.3,2003.9,1968.9,1979.2
1946.0,1985.1,1946.0,1969.8
1909.9,1931.7,1909.9,1919.0
1903.9,1926.6,1898.5,1926.6
1912.2,1912.2,1901.1,1906.2
1890.8,1913.1,1875.1,1911.7
1852.3,1868.5,1852.0,1862.0
1816.4,1829.3,1815.6,1829.3
1811.6,1812.9,1811.5,1812.7
1840.9,1840.9,1813.9,1813.9
1853.3,1853.8,1844.2,1847.9
1837.3,1855.4,1837.3,1847.7
1830.0,1836.3,1830.0,1833.5
1827.1,1841.7,1827.1,1837.7
1808.1,1830.0,1808.1,1828.9
1811.6,1817.5,1808.9,1817.0
1808.8,1808.8,1808.8,1808.8
1826.4,1827.5,1818.0,1818.0
1835.7,1836.2,1825.1,1832.0
1842.6,1843.0,1833.0,1833.0
1827.4,1842.2,1818.4,1840.4
1838.6,1843.7,1827.2,1842.0
1842.0,1842.0,1828.2,1834.2
1854.1,1862.0,1846.2,1854.0
1859.0,1861.0,1850.0,1851.9
1861.6,1863.5,1852.4,1862.8
1875.3,1884.6,1859.8,1866.2
1872.1,1880.4,1872.1,1877.4
1870.0,1875.7,1868.0,1871.7
1865.6,1880.0,1863.4,1866.2
1912.4,1917.0,1861.5,1862.9
1952.3,1959.1,1911.3,1916.3
1927.2,1955.0,1922.0,1927.8
1923.0,1930.4,1900.6,1929.5
1928.3,1933.6,1920.3,1922.9
1928.6,1928.6,1928.6,1928.6
1936.6,1937.1,1927.1,1929.1
1941.2,1941.2,1939.8,1941.2
1931.8,1936.8,1931.8,1933.9
1926.5,1927.1,1915.0,1927.1
1922.1,1928.5,1921.4,1926.4
1922.1,1931.8,1922.1,1922.1
1911.1,1911.1,1903.1,1904.4
1920.1,1920.1,1905.2,1907.2
1899.0,1920.9,1898.3,1918.4
1877.2,1897.4,1877.2,1895.5
1873.1,1877.8,1873.1,1874.6
1877.8,1878.1,1871.6,1871.6
1867.0,1880.0,1867.0,1872.7
1838.4,1868.2,1835.3,1864.2
1855.2,1855.2,1834.8,1834.8
1845.6,1859.1,1845.6,1852.8
1836.2,1839.7,1836.2,1839.7
1817.0,1822.3,1816.8,1819.7
1805.8,1819.5,1805.8,1819.5
1803.2,1807.9,1803.1,1807.9
1803.4,1826.3,1803.4,1814.8
1794.3,1802.8,1794.1,1795.9
1818.1,1818.1,1785.0,1787.0
1817.4,1821.4,1814.4,1815.9
1786.5,1821.4,1786.5,1815.9
1791.6,1796.3,1785.6,1787.7
1777.9,1791.4,1777.9,1790.0
1801.0,1801.0,1774.8,1777.2
1810.8,1812.8,1797.9,1807.5
1780.7,1819.8,1780.5,1813.9
1787.3,1793.9,1777.7,1780.5
1794.9,1804.3,1791.1,1798.1
1782.0,1790.9,1782.0,1788.7
1769.3,1790.3,1769.3,1785.5
1768.6,1779.4,1767.9,1769.3
1795.7,1808.0,1764.3,1767.4
1802.0,1802.3,1779.4,1795.9
1768.7,1803.7,1768.7,1801.1
1748.1,1769.4,1745.1,1746.0
1739.5,1758.2,1737.9,1748.4
1741.3,1741.3,1740.1,1740.1
1753.0,1757.9,1749.2,1753.3
1736.5,1750.9,1736.5,1744.9
1741.7,1741.7,1738.3,1738.3
1739.0,1744.9,1736.1,1737.4
1763.3,1763.3,1747.6,1751.9
1763.0,1763.0,1756.0,1760.8
1776.6,1778.9,1773.0,1773.0
1770.8,1773.8,1769.9,1773.8
1762.0,1773.6,1761.6,1773.6
1763.8,1766.0,1757.6,1766.0
1708.2,1750.3,1708.2,1750.3
1707.4,1720.2,1706.0,1710.1
1703.2,1712.1,1703.2,1712.1
1676.9,1677.9,1672.9,1676.5
1630.2,1674.5,1629.0,1672.5
1629.2,1629.2,1615.1,1627.3
1650.8,1664.7,1634.0,1645.7
1630.8,1653.7,1630.8,1645.0
1641.8,1641.8,1633.4,1635.9
1661.0,1661.0,1638.7,1639.6
1660.7,1660.7,1660.7,1660.7
1649.8,1667.0,1649.8,1664.0
1648.2,1652.8,1637.3,1652.8
1662.7,1662.7,1648.7,1648.7
1634.1,1653.9,1634.1,1651.0
1622.8,1641.4,1622.8,1630.8
1637.5,1637.5,1627.5,1627.5
1651.4,1655.2,1649.0,1649.0
1650.2,1657.0,1646.8,1657.0
1665.3,1667.0,1640.0,1641.7
1675.2,1675.3,1641.5,1670.0
1668.0,1672.7,1668.0,1670.3
1661.8,1678.7,1661.0,1678.7
1693.4,1693.4,1667.0,1667.3
1710.1,1710.1,1693.7,1700.5
1721.0,1723.3,1709.1,1711.7
1724.1,1726.6,1703.0,1711.4
1701.2,1728.0,1696.0,1721.1
1667.2,1700.0,1661.9,1692.9
1661.7,1672.7,1658.0,1662.4
1657.0,1662.6,1640.0,1658.5
1620.4,1660.4,1620.4,1660.4
1632.2,1636.6,1626.7,1626.7
1623.3,1623.3,1623.3,1623.3
1667.0,1667.0,1645.3,1645.3
1668.3,1670.8,1668.3,1670.8
1665.5,1680.1,1664.6,1664.6
1659.7,1659.7,1659.7,1659.7
1661.8,1669.4,1658.5,1666.2
1660.4,1674.9,1651.7,1671.7
1685.5,1686.0,1662.3,1665.4
1698.7,1701.8,1696.5,1696.5
1720.5,1720.5,1697.3,1705.0
1727.4,1728.1,1727.4,1728.1
1719.2,1720.0,1712.8,1716.2
1718.2,1718.2,1705.3,1708.0
1694.8,1715.3,1694.7,1715.3
1709.7,1717.4,1699.7,1700.4
1703.4,1715.7,1703.1,1709.8
1707.9,1707.9,1693.9,1696.6
1718.3,1720.9,1708.5,1712.8
1736.4,1739.0,1720.7,1723.2
1732.4,1741.2,1732.1,1736.6
1754.0,1755.0,1736.1,1736.1
1761.6,1761.8,1755.0,1757.7
1745.0,1751.8,1743.6,1747.8
1738.0,1748.9,1731.9,1746.8
1740.5,1740.5,1726.5,1734.0
1753.7,1754.3,1747.5,1747.6
1762.9,1762.9,1753.4,1755.3
1769.7,1769.7,1760.0,1760.3
1777.4,1777.4,1771.4,1773.2
1799.0,1799.0,1774.7,1781.4
1786.3,1800.4,1784.3,1798.6
1794.3,1794.3,1785.7,1789.7
1804.4,1804.9,1787.8,1795.6
1790.0,1796.1,1789.0,1794.0
1771.8,1786.8,1771.8,1786.8
1791.2,1791.4,1764.2,1772.9
1769.4,1792.1,1767.7,1788.5
1756.7,1770.5,1753.0,1758.0
1772.1,1786.6,1759.4,1771.1
1763.9,1772.5,1756.1,1769.0
1754.0,1765.7,1750.0,1762.9
1732.3,1755.0,1732.0,1750.3
1719.1,1719.1,1719.1,1719.1
1718.0,1718.0,1717.7,1717.7
1727.0,1732.0,1719.0,1719.0
1713.3,1735.0,1713.0,1727.1
1687.0,1715.5,1679.8,1712.7
1707.1,1708.5,1699.5,1699.5
1712.3,1714.4,1706.1,1710.0
1712.2,1712.4,1709.2,1709.2
1705.4,1709.7,1701.1,1702.4
1710.3,1710.5,1704.5,1704.5
1710.0,1734.2,1710.0,1734.2
1734.2,1735.5,1723.3,1723.3
1732.5,1736.7,1730.0,1730.0
1738.1,1749.3,1732.1,1740.6
1745.2,1745.2,1737.0,1737.9
1762.5,1768.0,1734.0,1734.9
1805.4,1805.4,1761.8,1761.8
1795.5,1806.1,1791.6,1798.9
1809.6,1817.3,1801.0,1804.1
1818.3,1830.3,1812.8,1813.7
1824.2,1826.0,1817.5,1817.5
1830.5,1830.7,1819.9,1820.9
1820.5,1826.5,1815.8,1826.5
1835.5,1841.2,1825.7,1825.7
1829.5,1842.7,1821.6,1834.3
1835.3,1838.6,1830.1,1834.6
1853.7,1853.7,1833.6,1835.6
1819.2,1850.6,1814.9,1845.7
1814.1,1839.0,1810.8,1815.3
1825.0,1825.5,1805.3,1809.5
1873.8,1873.8,1818.7,1828.0
1842.7,1875.6,1823.9,1871.5
1846.1,1850.1,1837.9,1848.8
1844.8,1855.0,1844.4,1851.9
1836.9,1851.6,1835.0,1847.5
1849.0,1854.1,1839.2,1839.2
1867.6,1871.8,1845.4,1845.4
1845.4,1868.7,1842.1,1866.5
1831.0,1847.9,1825.3,1843.3
1850.3,1862.1,1832.8,1842.7
1848.3,1860.7,1845.9,1851.3
1840.4,1847.4,1840.4,1847.4
1846.2,1846.2,1846.2,1846.2
1852.5,1867.0,1852.5,1865.1
1846.3,1863.0,1845.8,1847.8
1839.1,1841.8,1836.3,1841.8
1810.9,1841.2,1810.7,1841.2
1815.0,1819.7,1805.0,1815.9
1824.9,1828.6,1816.7,1818.2
1790.5,1813.5,1787.0,1813.5
1825.0,1825.0,1807.4,1807.4
1849.8,1851.9,1822.2,1823.8
1841.5,1852.6,1841.0,1852.6
1839.9,1839.9,1839.9,1839.9
1866.6,1867.5,1854.0,1857.1
1874.7,1890.3,1871.5,1881.2
1897.0,1904.3,1874.0,1874.0
1867.0,1867.0,1867.0,1867.0
1868.8,1868.8,1868.8,1868.8
1896.7,1896.8,1853.0,1861.8
1902.7,1918.2,1902.4,1909.3
1883.8,1893.0,1872.9,1888.7
1897.8,1900.6,1882.2,1885.9
1900.5,1909.1,1894.0,1901.4
1925.0,1925.0,1889.3,1893.2
1949.6,1950.4,1930.2,1931.0
1942.5,1944.9,1942.5,1944.9
1945.5,1953.6,1945.5,1952.3
1973.8,1978.3,1945.7,1955.7
1973.4,1997.1,1972.8,1982.9
1977.2,1978.7,1963.0,1970.9
1969.5,1981.0,1969.5,1981.0
1952.5,1977.1,1950.6,1972.1
1946.6,1968.4,1941.8,1944.3
1928.8,1947.7,1928.8,1941.6
1919.5,1934.8,1919.5,1933.8
1916.7,1931.8,1916.7,1918.4
1927.1,1943.5,1918.4,1922.9
1921.2,1936.1,1915.6,1929.2
1935.0,1938.0,1917.0,1919.1
1933.5,1949.9,1919.1,1949.2
1918.4,1937.0,1914.5,1933.5
1893.5,1912.0,1893.5,1912.0
1932.6,1939.6,1932.6,1939.6
1953.8,1953.8,1953.8,1953.8
1963.6,1964.0,1961.6,1961.6
1936.6,1936.6,1936.6,1936.6
1920.7,1920.7,1920.7,1920.7
1925.4,1928.6,1925.0,1928.6
1934.5,1939.3,1928.2,1928.2
1933.9,1947.2,1933.9,1942.1
1922.4,1922.4,1907.2,1908.0
1939.8,1939.9,1910.7,1928.5
1976.5,1977.7,1959.6,1959.6
1985.0,1996.0,1959.9,1982.7
1978.1,2010.5,1978.1,1998.1
2053.6,2063.0,1980.8,1985.9
1999.4,2072.0,1998.0,2040.1
1989.0,2001.1,1963.0,1993.9
1937.0,1970.9,1935.6,1965.1
1930.5,1940.3,1924.8,1934.4
1945.6,1948.2,1919.8,1920.9
1908.3,1942.4,1903.8,1942.4
1928.3,1928.4,1894.2,1899.4
1906.9,1920.0,1883.6,1886.5
1911.9,1972.5,1911.7,1925.1
1896.6,1910.6,1895.7,1909.2
1908.1,1912.0,1890.8,1906.1
1899.4,1899.4,1890.7,1898.6
1876.3,1900.7,1876.2,1900.7
1858.7,1870.2,1856.3,1870.2
1872.6,1879.7,1847.4,1854.8
1861.8,1870.6,1854.6,1868.0
1822.0,1864.8,1822.0,1840.8
1833.3,1842.1,1820.8,1836.2
1825.4,1835.2,1825.3,1835.2
1818.9,1827.6,1815.0,1826.6
1812.2,1821.3,1809.1,1820.6
1806.0,1813.7,1792.5,1806.6
1805.8,1808.1,1787.9,1803.0
1797.8,1810.1,1795.1,1809.2
1797.2,1806.1,1797.1,1800.3
1788.5,1798.5,1785.1,1795.0
1797.5,1798.4,1778.8,1784.9
1793.3,1793.3,1793.3,1793.3
1829.9,1829.9,1829.9,1829.9
1843.0,1852.7,1842.0,1852.7
1837.9,1842.1,1837.9,1841.7
1838.0,1842.4,1828.9,1831.8
1840.6,1843.0,1838.2,1842.5
1817.4,1843.1,1817.4,1843.1
1816.8,1820.1,1812.3,1812.3
1821.5,1822.0,1816.5,1816.5
1819.8,1823.0,1815.4,1821.2
1819.0,1827.2,1816.9,1827.2
1803.9,1822.5,1803.0,1818.6
1794.9,1798.7,1790.4,1798.4
1791.8,1797.0,1784.4,1797.0
1787.1,1791.3,1787.1,1788.7
1813.1,1824.6,1813.1,1824.6
1800.5,1815.3,1800.0,1814.0
1830.1,1830.1,1798.8,1799.4
1825.1,1827.8,1821.4,1827.5
1801.7,1816.0,1796.0,1812.7
1803.2,1805.1,1791.4,1805.1
1812.0,1818.0,1805.5,1810.2
1810.0,1812.1,1807.0,1808.1
1806.0,1811.2,1800.8,1811.2
1786.0,1805.2,1785.5,1801.6
1791.4,1796.5,1787.9,1787.9
1796.8,1799.8,1792.0,1793.7
1804.0,1812.9,1803.8,1803.8
1781.0,1798.1,1781.0,1796.6
1767.4,1778.7,1753.9,1762.6
1787.0,1787.0,1769.0,1770.4
1784.4,1787.1,1783.8,1786.3
1773.8,1785.4,1769.1,1782.9
1783.5,1783.5,1771.8,1774.6
1789.9,1789.9,1779.0,1783.4
1779.5,1786.1,1772.3,1782.6
1780.2,1783.0,1777.2,1777.5
1767.5,1785.1,1766.5,1782.0
1780.9,1780.9,1760.6,1760.7
1774.8,1790.5,1772.3,1781.6
1783.9,1808.1,1768.7,1773.6
1791.7,1798.9,1779.1,1782.3
1791.1,1791.4,1785.3,1785.3
1793.0,1793.0,1781.4,1784.1
1795.5,1795.5,1783.5,1783.5
1841.6,1841.6,1805.7,1806.0
1851.2,1851.2,1851.2,1851.2
1861.0,1861.0,1861.0,1861.0
1862.6,1869.7,1862.6,1869.7
1853.6,1853.6,1853.6,1853.6
1864.5,1866.9,1864.5,1866.1
1860.8,1867.9,1847.6,1867.9
1853.9,1866.5,1853.9,1863.2
1825.8,1865.0,1824.9,1847.6
1826.1,1832.7,1820.7,1830.2
1817.0,1827.4,1816.9,1827.4
1794.9,1817.1,1794.9,1816.4
1776.6,1798.2,1776.2,1793.0
1768.0,1768.0,1761.8,1763.6
1790.5,1795.5,1787.7,1788.7
1787.5,1795.1,1786.7,1795.1
1793.1,1797.0,1774.6,1783.0
1795.5,1807.3,1795.5,1801.6
1791.5,1798.1,1791.5,1797.9
1808.8,1808.8,1788.6,1792.7
1794.3,1809.0,1794.0,1806.0
1787.1,1806.9,1784.0,1795.5
1782.0,1785.7,1781.0,1781.2
1774.6,1785.6,1774.0,1784.1
1777.6,1785.0,1767.5,1769.7
1761.6,1770.1,1759.5,1764.8
1794.5,1795.4,1766.6,1767.2
1792.2,1799.9,1792.0,1796.7
1760.8,1794.5,1760.8,1793.7
1751.9,1768.0,1749.8,1758.3
1756.6,1757.8,1752.2,1754.6
1757.0,1780.0,1754.2,1756.3
1762.4,1762.4,1752.8,1757.9
1759.3,1762.9,1744.7,1760.5
1764.3,1764.3,1749.0,1759.6
1764.5,1768.9,1749.5,1766.2
1754.3,1762.6,1748.5,1757.0
1725.5,1760.3,1724.5,1755.3
1732.4,1744.1,1721.4,1721.5
1739.6,1741.7,1726.8,1735.8
1751.7,1754.4,1747.5,1750.0
1749.7,1749.7,1745.0,1749.7
1766.8,1766.8,1738.2,1747.7
1776.7,1784.3,1767.0,1776.7
1762.2,1776.0,1759.0,1776.0
1751.8,1761.8,1750.9,1761.8
1758.8,1763.0,1749.4,1749.4
1792.9,1792.9,1743.9,1754.6
1803.7,1803.7,1792.4,1792.4
1791.4,1806.2,1783.0,1804.7
1789.8,1796.0,1784.0,1792.0
1789.6,1789.6,1789.6,1789.6
1798.7,1798.7,1787.9,1797.4
1781.7,1790.7,1781.7,1790.7
1825.7,1825.7,1792.7,1795.9
1820.9,1833.9,1818.9,1830.9
1813.2,1813.9,1806.8,1808.7
1813.5,1815.9,1809.5,1813.1
1815.9,1815.9,1801.1,1815.0
1818.2,1820.3,1807.8,1809.0
1803.4,1816.6,1803.1,1816.6
1787.4,1792.2,1781.0,1792.2
1792.0,1792.9,1784.0,1788.2
1801.0,1805.6,1801.0,1805.6
1776.8,1804.8,1776.8,1803.2
1784.1,1787.5,1778.2,1781.0
1780.0,1789.3,1775.5,1780.2
1787.8,1791.5,1779.0,1781.6
1787.7,1794.2,1780.0,1785.0
1776.9,1787.8,1771.9,1786.9
1758.3,1777.3,1757.4,1775.2
1749.7,1752.4,1745.5,1749.0
1727.3,1752.2,1727.3,1750.4
1728.6,1735.2,1720.1,1728.8
1753.5,1753.8,1692.6,1723.4
1799.8,1800.1,1758.4,1760.0
1810.8,1813.7,1796.0,1805.1
1809.3,1831.3,1806.3,1810.5
1812.3,1813.5,1806.0,1810.1
1812.4,1818.7,1804.8,1818.1
1828.0,1830.5,1808.9,1812.6
1806.6,1832.6,1806.1,1831.2
1799.5,1799.5,1799.5,1799.5
1803.7,1803.7,1799.5,1799.5
1802.5,1802.5,1797.2,1798.7
1800.0,1801.4,1800.0,1801.4
1793.6,1805.0,1793.6,1805.0
1807.0,1807.0,1800.0,1802.9
1812.9,1824.0,1810.9,1810.9
1803.3,1813.4,1803.3,1808.7
1830.1,1831.4,1814.5,1814.5
1831.6,1833.0,1823.4,1828.4
1813.1,1829.0,1813.1,1824.3
1808.1,1812.0,1800.6,1809.4
1802.6,1805.5,1799.5,1805.5
1803.6,1810.1,1798.8,1810.0
1797.0,1818.5,1797.0,1799.6
1798.7,1808.4,1797.2,1801.5
1786.7,1809.8,1786.7,1793.5
1778.7,1787.9,1778.3,1782.6
1775.7,1781.2,1768.8,1775.9
1761.1,1770.8,1759.2,1770.8
1776.8,1777.1,1752.1,1762.8
1779.6,1779.6,1779.6,1779.6
1777.7,1788.0,1775.2,1776.6
1778.9,1786.4,1775.6,1775.6
1780.7,1793.2,1780.6,1782.3
1783.4,1786.9,1775.9,1776.3
1768.8,1785.2,1766.8,1781.8
1775.7,1792.4,1767.9,1767.9
1811.8,1823.3,1769.6,1773.8
1859.4,1860.1,1809.2,1859.5
1866.4,1867.2,1854.4,1854.5
1866.2,1866.6,1846.5,1864.0
